SNP	effect_allele.exposure	other_allele.exposure	eaf.exposure	beta.exposure	se.exposure	pval.exposure	samplesize.exposure	exposure	mr_keep.exposure	pval_origin.exposure	id.exposure	rsid	pval	id
rs1003081	T	C	0.4497	0.0121	0.0016	0.00000000000013	788712	BMI	TRUE	reported	O7OSiq	rs1003081	0.00000000000013	AlFLFF
rs10083803	T	C	0.2605	-0.0127	0.0019	0.000000000059	690845	BMI	TRUE	reported	O7OSiq	rs10083803	0.000000000059	AlFLFF
rs10118701	A	G	0.6773	-0.0163	0.0018	0.0000000000000000011	692315	BMI	TRUE	reported	O7OSiq	rs10118701	0.0000000000000000011	AlFLFF
rs10131890	A	C	0.9503	-0.0222	0.0039	0.000000016	691777	BMI	TRUE	reported	O7OSiq	rs10131890	0.000000016	AlFLFF
rs10132280	A	C	0.3017	-0.0223	0.0018	0.000000000000000000000000000000000056	786578	BMI	TRUE	reported	O7OSiq	rs10132280	0.000000000000000000000000000000000056	AlFLFF
rs10182181	A	G	0.5247	-0.0325	0.0016	0.0000000000000000000000000000000000000000000000000000000000000000000000000000000000000000067	792111	BMI	TRUE	reported	O7OSiq	rs10182181	0.0000000000000000000000000000000000000000000000000000000000000000000000000000000000000000067	AlFLFF
rs10211055	T	C	0.6544	-0.0157	0.0018	0.0000000000000000072	686577	BMI	TRUE	reported	O7OSiq	rs10211055	0.0000000000000000072	AlFLFF
rs10268050	T	C	0.7954	-0.0113	0.002	0.000000035	794416	BMI	TRUE	reported	O7OSiq	rs10268050	0.000000035	AlFLFF
rs10269783	A	G	0.3896	0.0133	0.0017	0.0000000000000014	790551	BMI	TRUE	reported	O7OSiq	rs10269783	0.0000000000000014	AlFLFF
rs10275044	A	T	0.2075	-0.0129	0.0023	0.000000033	610254	BMI	TRUE	reported	O7OSiq	rs10275044	0.000000033	AlFLFF
rs10438964	T	C	0.2757	-0.0127	0.0019	0.000000000076	686868	BMI	TRUE	reported	O7OSiq	rs10438964	0.000000000076	AlFLFF
rs1045411	T	C	0.2647	-0.0148	0.0019	0.0000000000000023	776153	BMI	TRUE	reported	O7OSiq	rs1045411	0.0000000000000023	AlFLFF
rs1048932	A	C	0.4162	-0.016	0.0017	0.00000000000000000000038	795167	BMI	TRUE	reported	O7OSiq	rs1048932	0.00000000000000000000038	AlFLFF
rs10733051	A	G	0.5198	0.0097	0.0016	0.0000000029	781928	BMI	TRUE	reported	O7OSiq	rs10733051	0.0000000029	AlFLFF
rs10744146	A	G	0.5146	-0.0122	0.0017	0.0000000000014	689141	BMI	TRUE	reported	O7OSiq	rs10744146	0.0000000000014	AlFLFF
rs1075901	T	C	0.4361	-0.0121	0.0016	0.00000000000012	794789	BMI	TRUE	reported	O7OSiq	rs1075901	0.00000000000012	AlFLFF
rs10830452	A	G	0.6712	-0.0111	0.0018	0.0000000021	690453	BMI	TRUE	reported	O7OSiq	rs10830452	0.0000000021	AlFLFF
rs10842240	C	G	0.1158	0.0218	0.0027	0.00000000000000031	691476	BMI	TRUE	reported	O7OSiq	rs10842240	0.00000000000000031	AlFLFF
rs10867256	T	C	0.553	-0.0118	0.0017	0.0000000000087	689493	BMI	TRUE	reported	O7OSiq	rs10867256	0.0000000000087	AlFLFF
rs10876418	T	C	0.2325	-0.0123	0.0019	0.00000000028	787067	BMI	TRUE	reported	O7OSiq	rs10876418	0.00000000028	AlFLFF
rs10878946	T	C	0.714	-0.0141	0.0019	0.00000000000036	685707	BMI	TRUE	reported	O7OSiq	rs10878946	0.00000000000036	AlFLFF
rs10883759	A	G	0.3023	-0.0122	0.0018	0.0000000000054	791911	BMI	TRUE	reported	O7OSiq	rs10883759	0.0000000000054	AlFLFF
rs10887578	C	G	0.4896	0.0128	0.0017	0.00000000000016	679172	BMI	TRUE	reported	O7OSiq	rs10887578	0.00000000000016	AlFLFF
rs10915840	A	G	0.283	-0.0118	0.0019	0.0000000013	684857	BMI	TRUE	reported	O7OSiq	rs10915840	0.0000000013	AlFLFF
rs10920678	A	G	0.4291	0.0155	0.0016	0.0000000000000000000015	788624	BMI	TRUE	reported	O7OSiq	rs10920678	0.0000000000000000000015	AlFLFF
rs10938397	A	G	0.5683	-0.0324	0.0016	0.000000000000000000000000000000000000000000000000000000000000000000000000000000000000034	793518	BMI	TRUE	reported	O7OSiq	rs10938397	0.000000000000000000000000000000000000000000000000000000000000000000000000000000000000034	AlFLFF
rs10971712	T	C	0.1076	-0.0197	0.0027	0.00000000000064	692587	BMI	TRUE	reported	O7OSiq	rs10971712	0.00000000000064	AlFLFF
rs1106908	A	G	0.4409	-0.0158	0.0016	0.00000000000000000000031	795186	BMI	TRUE	reported	O7OSiq	rs1106908	0.00000000000000000000031	AlFLFF
rs11118308	A	G	0.5297	0.0101	0.0016	0.00000000048	794625	BMI	TRUE	reported	O7OSiq	rs11118308	0.00000000048	AlFLFF
rs11150911	A	C	0.2809	0.0133	0.0018	0.00000000000047	781716	BMI	TRUE	reported	O7OSiq	rs11150911	0.00000000000047	AlFLFF
rs11251352	A	G	0.4012	-0.0109	0.0018	0.0000000007	690804	BMI	TRUE	reported	O7OSiq	rs11251352	0.0000000007	AlFLFF
rs11496125	T	C	0.4212	0.0169	0.0017	0.0000000000000000000003	684574	BMI	TRUE	reported	O7OSiq	rs11496125	0.0000000000000000000003	AlFLFF
rs11600990	T	C	0.1569	-0.0178	0.0023	0.000000000000038	691086	BMI	TRUE	reported	O7OSiq	rs11600990	0.000000000000038	AlFLFF
rs11611246	T	G	0.21	0.024	0.002	0.00000000000000000000000000000005	779823	BMI	TRUE	reported	O7OSiq	rs11611246	0.00000000000000000000000000000005	AlFLFF
rs11611496	A	G	0.2218	-0.0169	0.002	0.00000000000000017	690148	BMI	TRUE	reported	O7OSiq	rs11611496	0.00000000000000017	AlFLFF
rs11668301	A	G	0.8482	0.021	0.0024	0.0000000000000000019	691176	BMI	TRUE	reported	O7OSiq	rs11668301	0.0000000000000000019	AlFLFF
rs11672660	T	C	0.2049	-0.034	0.0021	0.0000000000000000000000000000000000000000000000000000000000017	768426	BMI	TRUE	reported	O7OSiq	rs11672660	0.0000000000000000000000000000000000000000000000000000000000017	AlFLFF
rs11736228	A	T	0.7413	0.0139	0.002	0.0000000000041	691580	BMI	TRUE	reported	O7OSiq	rs11736228	0.0000000000041	AlFLFF
rs11773362	T	C	0.3369	-0.0111	0.0018	0.0000000015	690588	BMI	TRUE	reported	O7OSiq	rs11773362	0.0000000015	AlFLFF
rs11781699	T	C	0.8104	-0.0132	0.0021	0.00000000031	784642	BMI	TRUE	reported	O7OSiq	rs11781699	0.00000000031	AlFLFF
rs11783247	T	C	0.5375	-0.0169	0.0016	0.0000000000000000000000012	790309	BMI	TRUE	reported	O7OSiq	rs11783247	0.0000000000000000000000012	AlFLFF
rs11889536	A	G	0.8507	0.0189	0.0024	0.0000000000000064	688977	BMI	TRUE	reported	O7OSiq	rs11889536	0.0000000000000064	AlFLFF
rs11945861	A	G	0.2369	-0.0148	0.002	0.0000000000005	682451	BMI	TRUE	reported	O7OSiq	rs11945861	0.0000000000005	AlFLFF
rs12033257	A	G	0.6165	0.0146	0.0018	0.0000000000000024	664083	BMI	TRUE	reported	O7OSiq	rs12033257	0.0000000000000024	AlFLFF
rs12041258	T	C	0.7713	0.0146	0.002	0.00000000000095	688602	BMI	TRUE	reported	O7OSiq	rs12041258	0.00000000000095	AlFLFF
rs12044597	A	G	0.4971	-0.0143	0.0016	0.0000000000000000017	789125	BMI	TRUE	reported	O7OSiq	rs12044597	0.0000000000000000017	AlFLFF
rs12098284	T	C	0.1241	0.0178	0.0026	0.000000000018	686167	BMI	TRUE	reported	O7OSiq	rs12098284	0.000000000018	AlFLFF
rs1218822	A	G	0.6663	0.0168	0.0017	0.00000000000000000000019	794711	BMI	TRUE	reported	O7OSiq	rs1218822	0.00000000000000000000019	AlFLFF
rs12364470	T	G	0.8374	-0.0178	0.0022	0.0000000000000011	787411	BMI	TRUE	reported	O7OSiq	rs12364470	0.0000000000000011	AlFLFF
rs1241986	A	G	0.8479	-0.0139	0.0024	0.000000011	687757	BMI	TRUE	reported	O7OSiq	rs1241986	0.000000011	AlFLFF
rs12429545	A	G	0.1248	0.0316	0.0025	0.000000000000000000000000000000000000096	778918	BMI	TRUE	reported	O7OSiq	rs12429545	0.000000000000000000000000000000000000096	AlFLFF
rs12448257	A	G	0.218	0.0184	0.002	0.000000000000000000081	779628	BMI	TRUE	reported	O7OSiq	rs12448257	0.000000000000000000081	AlFLFF
rs12448738	A	C	0.8629	-0.0168	0.0025	0.000000000028	691932	BMI	TRUE	reported	O7OSiq	rs12448738	0.000000000028	AlFLFF
rs12514473	T	C	0.7687	0.0167	0.002	0.000000000000000088	692548	BMI	TRUE	reported	O7OSiq	rs12514473	0.000000000000000088	AlFLFF
rs12564992	A	G	0.8856	-0.0196	0.0026	0.000000000000053	795119	BMI	TRUE	reported	O7OSiq	rs12564992	0.000000000000053	AlFLFF
rs12575252	C	G	0.351	-0.0182	0.0017	0.000000000000000000000000018	781365	BMI	TRUE	reported	O7OSiq	rs12575252	0.000000000000000000000000018	AlFLFF
rs12577642	A	T	0.686	-0.0213	0.0018	0.00000000000000000000000000000099	692353	BMI	TRUE	reported	O7OSiq	rs12577642	0.00000000000000000000000000000099	AlFLFF
rs12587412	T	G	0.4896	0.0146	0.0017	0.000000000000000048	688484	BMI	TRUE	reported	O7OSiq	rs12587412	0.000000000000000048	AlFLFF
rs12593036	A	G	0.7007	0.0154	0.0019	0.00000000000000038	686055	BMI	TRUE	reported	O7OSiq	rs12593036	0.00000000000000038	AlFLFF
rs12602912	T	C	0.2048	0.0176	0.0021	0.0000000000000000099	777510	BMI	TRUE	reported	O7OSiq	rs12602912	0.0000000000000000099	AlFLFF
rs12675063	A	T	0.8869	-0.0156	0.0026	0.0000000013	789771	BMI	TRUE	reported	O7OSiq	rs12675063	0.0000000013	AlFLFF
rs12680842	A	G	0.6795	0.0133	0.0018	0.000000000000044	782549	BMI	TRUE	reported	O7OSiq	rs12680842	0.000000000000044	AlFLFF
rs12705987	A	T	0.4036	0.0135	0.0017	0.0000000000000095	683609	BMI	TRUE	reported	O7OSiq	rs12705987	0.0000000000000095	AlFLFF
rs12888545	A	G	0.7481	-0.0136	0.002	0.0000000000091	688605	BMI	TRUE	reported	O7OSiq	rs12888545	0.0000000000091	AlFLFF
rs12922346	C	G	0.2657	0.0136	0.002	0.00000000001	679615	BMI	TRUE	reported	O7OSiq	rs12922346	0.00000000001	AlFLFF
rs12939549	A	G	0.5665	0.018	0.0016	0.00000000000000000000000000027	793950	BMI	TRUE	reported	O7OSiq	rs12939549	0.00000000000000000000000000027	AlFLFF
rs1296328	A	C	0.4343	0.0179	0.0018	0.0000000000000000000000049	683488	BMI	TRUE	reported	O7OSiq	rs1296328	0.0000000000000000000000049	AlFLFF
rs12964689	A	G	0.5176	0.0203	0.0017	0.000000000000000000000000000000051	692097	BMI	TRUE	reported	O7OSiq	rs12964689	0.000000000000000000000000000000051	AlFLFF
rs13021737	A	G	0.1681	-0.0574	0.0021	0.00000000000000000000000000000000000000000000000000000000000000000000000000000000000000000000000000000000000000000000000000000000000000000000000000000000000075	789534	BMI	TRUE	reported	O7OSiq	rs13021737	0.00000000000000000000000000000000000000000000000000000000000000000000000000000000000000000000000000000000000000000000000000000000000000000000000000000000000075	AlFLFF
rs13047416	C	G	0.6231	0.0154	0.0018	0.000000000000000022	683228	BMI	TRUE	reported	O7OSiq	rs13047416	0.000000000000000022	AlFLFF
rs13107325	T	C	0.07373	0.047	0.0032	0.000000000000000000000000000000000000000000000011	792045	BMI	TRUE	reported	O7OSiq	rs13107325	0.000000000000000000000000000000000000000000000011	AlFLFF
rs13110266	A	G	0.4065	-0.0117	0.0017	0.0000000000019	791087	BMI	TRUE	reported	O7OSiq	rs13110266	0.0000000000019	AlFLFF
rs13174863	A	G	0.8452	-0.0192	0.0023	0.00000000000000029	773762	BMI	TRUE	reported	O7OSiq	rs13174863	0.00000000000000029	AlFLFF
rs13191362	A	G	0.8802	0.0236	0.0025	0.0000000000000000000059	792699	BMI	TRUE	reported	O7OSiq	rs13191362	0.0000000000000000000059	AlFLFF
rs1320903	A	G	0.3174	0.0216	0.0018	0.000000000000000000000000000000092	691519	BMI	TRUE	reported	O7OSiq	rs1320903	0.000000000000000000000000000000092	AlFLFF
rs13240600	A	G	0.8448	0.0204	0.0024	0.000000000000000035	692233	BMI	TRUE	reported	O7OSiq	rs13240600	0.000000000000000035	AlFLFF
rs1324110	C	G	0.4391	-0.0103	0.0017	0.00000000068	786661	BMI	TRUE	reported	O7OSiq	rs1324110	0.00000000068	AlFLFF
rs13247665	T	C	0.6407	-0.0139	0.0018	0.000000000000014	690623	BMI	TRUE	reported	O7OSiq	rs13247665	0.000000000000014	AlFLFF
rs13263601	A	C	0.6522	-0.0154	0.0018	0.000000000000000022	686196	BMI	TRUE	reported	O7OSiq	rs13263601	0.000000000000000022	AlFLFF
rs13329567	T	C	0.2308	-0.0293	0.002	0.00000000000000000000000000000000000000000000000001	793953	BMI	TRUE	reported	O7OSiq	rs13329567	0.00000000000000000000000000000000000000000000000001	AlFLFF
rs1362910	A	G	0.4185	0.0121	0.0017	0.0000000000012	744652	BMI	TRUE	reported	O7OSiq	rs1362910	0.0000000000012	AlFLFF
rs1365466	T	C	0.7406	-0.0137	0.0019	0.00000000000033	791868	BMI	TRUE	reported	O7OSiq	rs1365466	0.00000000000033	AlFLFF
rs1371108	A	C	0.3247	0.0119	0.0018	0.00000000009	684620	BMI	TRUE	reported	O7OSiq	rs1371108	0.00000000009	AlFLFF
rs1375561	T	C	0.6536	0.0173	0.0017	0.0000000000000000000000031	782697	BMI	TRUE	reported	O7OSiq	rs1375561	0.0000000000000000000000031	AlFLFF
rs1405348	A	G	0.4324	-0.0204	0.0017	0.000000000000000000000000000000062	692448	BMI	TRUE	reported	O7OSiq	rs1405348	0.000000000000000000000000000000062	AlFLFF
rs1412235	C	G	0.3175	0.0246	0.0017	0.000000000000000000000000000000000000000000006	790147	BMI	TRUE	reported	O7OSiq	rs1412235	0.000000000000000000000000000000000000000000006	AlFLFF
rs1431659	A	G	0.2656	0.0196	0.0019	0.000000000000000000000006	689739	BMI	TRUE	reported	O7OSiq	rs1431659	0.000000000000000000000006	AlFLFF
rs1436343	A	G	0.4078	-0.0141	0.0017	0.00000000000000073	692012	BMI	TRUE	reported	O7OSiq	rs1436343	0.00000000000000073	AlFLFF
rs1451533	A	G	0.273	0.0167	0.0019	0.00000000000000001	680795	BMI	TRUE	reported	O7OSiq	rs1451533	0.00000000000000001	AlFLFF
rs1452075	T	C	0.7277	0.0141	0.0018	0.000000000000013	783729	BMI	TRUE	reported	O7OSiq	rs1452075	0.000000000000013	AlFLFF
rs1454687	C	G	0.4773	0.0202	0.0017	0.000000000000000000000000000000052	692324	BMI	TRUE	reported	O7OSiq	rs1454687	0.000000000000000000000000000000052	AlFLFF
rs1477887	A	G	0.4567	-0.0138	0.0017	0.000000000000002	679023	BMI	TRUE	reported	O7OSiq	rs1477887	0.000000000000002	AlFLFF
rs1492767	T	C	0.4957	0.0094	0.0016	0.00000001	794161	BMI	TRUE	reported	O7OSiq	rs1492767	0.00000001	AlFLFF
rs1522569	T	G	0.8181	0.0164	0.0022	0.00000000000029	689573	BMI	TRUE	reported	O7OSiq	rs1522569	0.00000000000029	AlFLFF
rs1625427	T	C	0.6504	0.013	0.0018	0.0000000000014	676334	BMI	TRUE	reported	O7OSiq	rs1625427	0.0000000000014	AlFLFF
rs1668633	T	C	0.5738	0.01	0.0017	0.0000000087	688791	BMI	TRUE	reported	O7OSiq	rs1668633	0.0000000087	AlFLFF
rs16851483	T	G	0.06928	0.0369	0.0035	0.000000000000000000000000032	692316	BMI	TRUE	reported	O7OSiq	rs16851483	0.000000000000000000000000032	AlFLFF
rs17014375	T	G	0.8652	-0.0172	0.0025	0.000000000011	690856	BMI	TRUE	reported	O7OSiq	rs17014375	0.000000000011	AlFLFF
rs17056301	T	C	0.7364	-0.0118	0.002	0.0000000024	688085	BMI	TRUE	reported	O7OSiq	rs17056301	0.0000000024	AlFLFF
rs17203016	A	G	0.804	-0.015	0.002	0.00000000000021	786272	BMI	TRUE	reported	O7OSiq	rs17203016	0.00000000000021	AlFLFF
rs17207196	T	C	0.4118	-0.0221	0.0018	0.000000000000000000000000000000000021	668894	BMI	TRUE	reported	O7OSiq	rs17207196	0.000000000000000000000000000000000021	AlFLFF
rs17238110	A	G	0.8366	0.0353	0.005	0.000000000002	775505	BMI	TRUE	reported	O7OSiq	rs17238110	0.000000000002	AlFLFF
rs17327461	T	C	0.4498	0.0125	0.0016	0.000000000000015	792231	BMI	TRUE	reported	O7OSiq	rs17327461	0.000000000000015	AlFLFF
rs17551974	A	C	0.1782	-0.0141	0.0022	0.00000000019	691115	BMI	TRUE	reported	O7OSiq	rs17551974	0.00000000019	AlFLFF
rs17636031	T	C	0.7299	-0.016	0.0019	0.000000000000000012	782807	BMI	TRUE	reported	O7OSiq	rs17636031	0.000000000000000012	AlFLFF
rs17724992	A	G	0.7404	0.0183	0.0019	0.0000000000000000000001	785851	BMI	TRUE	reported	O7OSiq	rs17724992	0.0000000000000000000001	AlFLFF
rs17806379	T	C	0.1789	-0.0258	0.0022	0.0000000000000000000000000000015	690043	BMI	TRUE	reported	O7OSiq	rs17806379	0.0000000000000000000000000000015	AlFLFF
rs1782507	T	G	0.6532	-0.0135	0.0018	0.00000000000013	692310	BMI	TRUE	reported	O7OSiq	rs1782507	0.00000000000013	AlFLFF
rs1789165	A	G	0.6389	0.0138	0.0017	0.0000000000000008	775128	BMI	TRUE	reported	O7OSiq	rs1789165	0.0000000000000008	AlFLFF
rs1814170	A	T	0.8946	0.0203	0.0029	0.0000000000021	686628	BMI	TRUE	reported	O7OSiq	rs1814170	0.0000000000021	AlFLFF
rs1852006	A	G	0.3519	-0.0156	0.0018	0.0000000000000000049	692290	BMI	TRUE	reported	O7OSiq	rs1852006	0.0000000000000000049	AlFLFF
rs1865341	T	C	0.758	0.0128	0.002	0.00000000025	688863	BMI	TRUE	reported	O7OSiq	rs1865341	0.00000000025	AlFLFF
rs1884389	T	C	0.4289	-0.0103	0.0017	0.000000004	683669	BMI	TRUE	reported	O7OSiq	rs1884389	0.000000004	AlFLFF
rs1884897	A	G	0.3692	-0.0194	0.0017	0.0000000000000000000000000000013	789534	BMI	TRUE	reported	O7OSiq	rs1884897	0.0000000000000000000000000000013	AlFLFF
rs1899689	T	C	0.3986	0.0117	0.0016	0.0000000000015	794654	BMI	TRUE	reported	O7OSiq	rs1899689	0.0000000000015	AlFLFF
rs1899951	T	C	0.1314	0.017	0.0024	0.0000000000031	795281	BMI	TRUE	reported	O7OSiq	rs1899951	0.0000000000031	AlFLFF
rs1927790	T	C	0.5891	-0.0148	0.0016	0.00000000000000000018	794326	BMI	TRUE	reported	O7OSiq	rs1927790	0.00000000000000000018	AlFLFF
rs1928295	T	C	0.5539	0.0141	0.0016	0.0000000000000000054	793649	BMI	TRUE	reported	O7OSiq	rs1928295	0.0000000000000000054	AlFLFF
rs1937684	A	T	0.6592	0.0112	0.0018	0.00000000087	690063	BMI	TRUE	reported	O7OSiq	rs1937684	0.00000000087	AlFLFF
rs1951455	T	C	0.2747	-0.0145	0.0019	0.000000000000045	690040	BMI	TRUE	reported	O7OSiq	rs1951455	0.000000000000045	AlFLFF
rs1973993	T	C	0.4096	-0.0208	0.0017	0.0000000000000000000000000000000047	692549	BMI	TRUE	reported	O7OSiq	rs1973993	0.0000000000000000000000000000000047	AlFLFF
rs2010281	A	G	0.3552	-0.0161	0.0017	0.0000000000000000000067	794009	BMI	TRUE	reported	O7OSiq	rs2010281	0.0000000000000000000067	AlFLFF
rs2075205	A	T	0.5866	0.0111	0.0017	0.00000000018	691296	BMI	TRUE	reported	O7OSiq	rs2075205	0.00000000018	AlFLFF
rs208015	T	C	0.0784	0.0356	0.0034	0.00000000000000000000000014	691575	BMI	TRUE	reported	O7OSiq	rs208015	0.00000000000000000000000014	AlFLFF
rs2080454	A	C	0.6211	-0.0129	0.0017	0.000000000000017	784784	BMI	TRUE	reported	O7OSiq	rs2080454	0.000000000000017	AlFLFF
rs2124499	C	G	0.3718	-0.0123	0.0017	0.00000000000034	785955	BMI	TRUE	reported	O7OSiq	rs2124499	0.00000000000034	AlFLFF
rs215632	A	G	0.3618	0.0152	0.0018	0.000000000000000037	684437	BMI	TRUE	reported	O7OSiq	rs215632	0.000000000000000037	AlFLFF
rs2163188	C	G	0.474	0.0131	0.0017	0.00000000000002	686502	BMI	TRUE	reported	O7OSiq	rs2163188	0.00000000000002	AlFLFF
rs2174307	C	G	0.4067	0.0121	0.0017	0.0000000000049	686559	BMI	TRUE	reported	O7OSiq	rs2174307	0.0000000000049	AlFLFF
rs217671	A	G	0.7281	-0.0144	0.0019	0.00000000000013	691456	BMI	TRUE	reported	O7OSiq	rs217671	0.00000000000013	AlFLFF
rs2192158	A	G	0.4601	0.0129	0.0017	0.000000000000083	690727	BMI	TRUE	reported	O7OSiq	rs2192158	0.000000000000083	AlFLFF
rs2228213	A	G	0.3481	-0.0139	0.0017	0.00000000000000046	795595	BMI	TRUE	reported	O7OSiq	rs2228213	0.00000000000000046	AlFLFF
rs2230590	T	C	0.4925	-0.0239	0.0017	0.000000000000000000000000000000000000000000041	692189	BMI	TRUE	reported	O7OSiq	rs2230590	0.000000000000000000000000000000000000000000041	AlFLFF
rs2283093	T	C	0.2066	0.0127	0.0021	0.0000000031	691773	BMI	TRUE	reported	O7OSiq	rs2283093	0.0000000031	AlFLFF
rs2304607	A	G	0.852	-0.032	0.0025	0.0000000000000000000000000000000000017	684918	BMI	TRUE	reported	O7OSiq	rs2304607	0.0000000000000000000000000000000000017	AlFLFF
rs2307111	T	C	0.6038	0.0265	0.0016	0.00000000000000000000000000000000000000000000000000000000016	795430	BMI	TRUE	reported	O7OSiq	rs2307111	0.00000000000000000000000000000000000000000000000000000000016	AlFLFF
rs2357760	A	G	0.6754	0.0145	0.0017	0.000000000000000068	791053	BMI	TRUE	reported	O7OSiq	rs2357760	0.000000000000000068	AlFLFF
rs2365389	T	C	0.4143	-0.0174	0.0017	0.00000000000000000000000013	783625	BMI	TRUE	reported	O7OSiq	rs2365389	0.00000000000000000000000013	AlFLFF
rs2367112	T	G	0.5081	0.0119	0.0016	0.00000000000023	794305	BMI	TRUE	reported	O7OSiq	rs2367112	0.00000000000023	AlFLFF
rs2425857	A	G	0.4409	0.0116	0.0017	0.000000000028	690825	BMI	TRUE	reported	O7OSiq	rs2425857	0.000000000028	AlFLFF
rs2429150	A	C	0.5836	-0.0111	0.0018	0.00000000027	686276	BMI	TRUE	reported	O7OSiq	rs2429150	0.00000000027	AlFLFF
rs2479958	A	G	0.4925	0.0154	0.0018	0.000000000000000015	664268	BMI	TRUE	reported	O7OSiq	rs2479958	0.000000000000000015	AlFLFF
rs2481665	T	C	0.5592	0.0161	0.0016	0.000000000000000000000072	795247	BMI	TRUE	reported	O7OSiq	rs2481665	0.000000000000000000000072	AlFLFF
rs2504674	C	G	0.4336	-0.0112	0.0017	0.00000000012	690877	BMI	TRUE	reported	O7OSiq	rs2504674	0.00000000012	AlFLFF
rs2543132	C	G	0.8134	0.0146	0.0022	0.00000000005	688326	BMI	TRUE	reported	O7OSiq	rs2543132	0.00000000005	AlFLFF
rs2605603	A	G	0.4887	-0.0103	0.0016	0.00000000025	790857	BMI	TRUE	reported	O7OSiq	rs2605603	0.00000000025	AlFLFF
rs2721965	A	C	0.6665	0.0171	0.0018	0.000000000000000000011	690170	BMI	TRUE	reported	O7OSiq	rs2721965	0.000000000000000000011	AlFLFF
rs2731222	A	C	0.2703	0.0131	0.0019	0.000000000015	690932	BMI	TRUE	reported	O7OSiq	rs2731222	0.000000000015	AlFLFF
rs273504	A	G	0.5734	-0.0153	0.0018	0.0000000000000000044	690672	BMI	TRUE	reported	O7OSiq	rs273504	0.0000000000000000044	AlFLFF
rs273697	A	G	0.4779	-0.0098	0.0017	0.000000015	683992	BMI	TRUE	reported	O7OSiq	rs273697	0.000000015	AlFLFF
rs2781668	T	C	0.1612	0.0169	0.0023	0.0000000000004	678717	BMI	TRUE	reported	O7OSiq	rs2781668	0.0000000000004	AlFLFF
rs2814992	A	G	0.6599	-0.0245	0.0017	0.0000000000000000000000000000000000000000000041	794002	BMI	TRUE	reported	O7OSiq	rs2814992	0.0000000000000000000000000000000000000000000041	AlFLFF
rs2820311	A	G	0.6631	-0.0235	0.0018	0.000000000000000000000000000000000000041	691876	BMI	TRUE	reported	O7OSiq	rs2820311	0.000000000000000000000000000000000000041	AlFLFF
rs28350	A	G	0.193	0.0177	0.0022	0.0000000000000035	686689	BMI	TRUE	reported	O7OSiq	rs28350	0.0000000000000035	AlFLFF
rs284227	T	C	0.7448	-0.0147	0.0019	0.0000000000000035	792227	BMI	TRUE	reported	O7OSiq	rs284227	0.0000000000000035	AlFLFF
rs2842385	A	G	0.8019	-0.012	0.0022	0.000000034	689031	BMI	TRUE	reported	O7OSiq	rs2842385	0.000000034	AlFLFF
rs2875762	C	G	0.2473	0.0139	0.002	0.000000000012	685199	BMI	TRUE	reported	O7OSiq	rs2875762	0.000000000012	AlFLFF
rs3134438	A	C	0.2855	0.0113	0.0019	0.0000000061	685121	BMI	TRUE	reported	O7OSiq	rs3134438	0.0000000061	AlFLFF
rs326889	T	C	0.3928	-0.0129	0.0018	0.00000000000024	688030	BMI	TRUE	reported	O7OSiq	rs326889	0.00000000000024	AlFLFF
rs329651	T	G	0.8055	0.0164	0.0021	0.000000000000009	779232	BMI	TRUE	reported	O7OSiq	rs329651	0.000000000000009	AlFLFF
rs355777	C	G	0.4106	0.0153	0.0017	0.0000000000000000014	689978	BMI	TRUE	reported	O7OSiq	rs355777	0.0000000000000000014	AlFLFF
rs3736485	A	G	0.4557	0.0134	0.0016	0.00000000000000025	790404	BMI	TRUE	reported	O7OSiq	rs3736485	0.00000000000000025	AlFLFF
rs3753549	T	C	0.8563	-0.0203	0.0025	0.0000000000000017	691062	BMI	TRUE	reported	O7OSiq	rs3753549	0.0000000000000017	AlFLFF
rs3800229	T	G	0.7123	0.0175	0.0018	0.00000000000000000000014	792474	BMI	TRUE	reported	O7OSiq	rs3800229	0.00000000000000000000014	AlFLFF
rs3803286	A	G	0.3431	0.0181	0.0018	0.000000000000000000000041	691435	BMI	TRUE	reported	O7OSiq	rs3803286	0.000000000000000000000041	AlFLFF
rs3814883	T	C	0.4764	0.0232	0.0017	0.00000000000000000000000000000000000000011	685519	BMI	TRUE	reported	O7OSiq	rs3814883	0.00000000000000000000000000000000000000011	AlFLFF
rs3829849	T	C	0.3589	0.0098	0.0017	0.0000000059	793851	BMI	TRUE	reported	O7OSiq	rs3829849	0.0000000059	AlFLFF
rs3844598	A	G	0.479	-0.0095	0.0017	0.000000038	690704	BMI	TRUE	reported	O7OSiq	rs3844598	0.000000038	AlFLFF
rs3849570	A	C	0.3414	0.0132	0.0017	0.000000000000033	750266	BMI	TRUE	reported	O7OSiq	rs3849570	0.000000000000033	AlFLFF
rs3851083	A	G	0.4325	-0.0102	0.0016	0.00000000041	793679	BMI	TRUE	reported	O7OSiq	rs3851083	0.00000000041	AlFLFF
rs3902951	T	G	0.7545	-0.0134	0.002	0.000000000007	773819	BMI	TRUE	reported	O7OSiq	rs3902951	0.000000000007	AlFLFF
rs40067	A	G	0.1713	-0.0266	0.0023	0.0000000000000000000000000000071	681695	BMI	TRUE	reported	O7OSiq	rs40067	0.0000000000000000000000000000071	AlFLFF
rs4148155	A	G	0.8873	0.0188	0.0026	0.0000000000005	794889	BMI	TRUE	reported	O7OSiq	rs4148155	0.0000000000005	AlFLFF
rs427943	A	C	0.4331	-0.017	0.0017	0.000000000000000000000073	712095	BMI	TRUE	reported	O7OSiq	rs427943	0.000000000000000000000073	AlFLFF
rs4284600	T	C	0.5288	-0.0118	0.0017	0.000000000013	682852	BMI	TRUE	reported	O7OSiq	rs4284600	0.000000000013	AlFLFF
rs4303732	T	C	0.6026	0.0144	0.0017	0.00000000000000022	691017	BMI	TRUE	reported	O7OSiq	rs4303732	0.00000000000000022	AlFLFF
rs4307239	A	G	0.5422	-0.0115	0.0017	0.000000000039	687289	BMI	TRUE	reported	O7OSiq	rs4307239	0.000000000039	AlFLFF
rs4516268	A	C	0.1925	-0.0217	0.0021	0.00000000000000000000000052	786617	BMI	TRUE	reported	O7OSiq	rs4516268	0.00000000000000000000000052	AlFLFF
rs4518345	A	G	0.2842	-0.0117	0.0019	0.000000001	688609	BMI	TRUE	reported	O7OSiq	rs4518345	0.000000001	AlFLFF
rs453520	T	C	0.5834	-0.015	0.0017	0.000000000000000007	689483	BMI	TRUE	reported	O7OSiq	rs453520	0.000000000000000007	AlFLFF
rs4624596	T	C	0.8149	0.0136	0.0023	0.0000000022	691079	BMI	TRUE	reported	O7OSiq	rs4624596	0.0000000022	AlFLFF
rs4639527	A	G	0.6988	-0.0172	0.0019	0.000000000000000000033	691706	BMI	TRUE	reported	O7OSiq	rs4639527	0.000000000000000000033	AlFLFF
rs4670626	T	C	0.3572	-0.0113	0.0018	0.00000000049	681157	BMI	TRUE	reported	O7OSiq	rs4670626	0.00000000049	AlFLFF
rs4671328	T	G	0.4467	0.0219	0.0017	0.0000000000000000000000000000000000022	679487	BMI	TRUE	reported	O7OSiq	rs4671328	0.0000000000000000000000000000000000022	AlFLFF
rs4722398	T	C	0.1336	0.0158	0.0025	0.00000000036	692509	BMI	TRUE	reported	O7OSiq	rs4722398	0.00000000036	AlFLFF
rs4725984	T	C	0.359	-0.0128	0.0017	0.00000000000014	784486	BMI	TRUE	reported	O7OSiq	rs4725984	0.00000000000014	AlFLFF
rs4744275	A	G	0.266	0.0144	0.0018	0.000000000000007	793296	BMI	TRUE	reported	O7OSiq	rs4744275	0.000000000000007	AlFLFF
rs4764949	A	G	0.6643	0.0184	0.0018	0.000000000000000000000017	691560	BMI	TRUE	reported	O7OSiq	rs4764949	0.000000000000000000000017	AlFLFF
rs4796243	A	G	0.3029	-0.0124	0.0019	0.000000000061	691686	BMI	TRUE	reported	O7OSiq	rs4796243	0.000000000061	AlFLFF
rs4820408	T	G	0.408	0.0151	0.0017	0.00000000000000000021	794185	BMI	TRUE	reported	O7OSiq	rs4820408	0.00000000000000000021	AlFLFF
rs4864201	T	C	0.3531	0.0141	0.0017	0.00000000000000015	795263	BMI	TRUE	reported	O7OSiq	rs4864201	0.00000000000000015	AlFLFF
rs487060	T	C	0.4816	0.011	0.0016	0.000000000016	789650	BMI	TRUE	reported	O7OSiq	rs487060	0.000000000016	AlFLFF
rs4906908	T	G	0.4747	-0.0103	0.0017	0.0000000025	691345	BMI	TRUE	reported	O7OSiq	rs4906908	0.0000000025	AlFLFF
rs4981693	A	G	0.771	0.0206	0.002	0.0000000000000000000000069	689120	BMI	TRUE	reported	O7OSiq	rs4981693	0.0000000000000000000000069	AlFLFF
rs4986044	T	C	0.4687	-0.0164	0.0016	0.000000000000000000000033	787219	BMI	TRUE	reported	O7OSiq	rs4986044	0.000000000000000000000033	AlFLFF
rs5396	T	C	0.7235	-0.0154	0.0018	0.00000000000000003	785408	BMI	TRUE	reported	O7OSiq	rs5396	0.00000000000000003	AlFLFF
rs543874	A	G	0.8048	-0.0475	0.002	0.000000000000000000000000000000000000000000000000000000000000000000000000000000000000000000000000000000000000000000000000012	795504	BMI	TRUE	reported	O7OSiq	rs543874	0.000000000000000000000000000000000000000000000000000000000000000000000000000000000000000000000000000000000000000000000000012	AlFLFF
rs555267	T	G	0.33	0.0126	0.0017	0.0000000000006	788140	BMI	TRUE	reported	O7OSiq	rs555267	0.0000000000006	AlFLFF
rs577525	T	C	0.4324	-0.0166	0.0017	0.00000000000000000000097	690616	BMI	TRUE	reported	O7OSiq	rs577525	0.00000000000000000000097	AlFLFF
rs580438	T	C	0.3319	0.0114	0.0018	0.00000000065	684407	BMI	TRUE	reported	O7OSiq	rs580438	0.00000000065	AlFLFF
rs6011457	A	T	0.4975	-0.0116	0.0017	0.000000000027	690692	BMI	TRUE	reported	O7OSiq	rs6011457	0.000000000027	AlFLFF
rs6142096	A	G	0.5278	0.0137	0.0017	0.0000000000000018	690983	BMI	TRUE	reported	O7OSiq	rs6142096	0.0000000000000018	AlFLFF
rs621042	A	C	0.451	-0.0107	0.0017	0.00000000063	689121	BMI	TRUE	reported	O7OSiq	rs621042	0.00000000063	AlFLFF
rs6235	C	G	0.7298	-0.0175	0.0019	0.00000000000000000015	691708	BMI	TRUE	reported	O7OSiq	rs6235	0.00000000000000000015	AlFLFF
rs6265	T	C	0.1951	-0.0412	0.0021	0.00000000000000000000000000000000000000000000000000000000000000000000000000000000000001	795458	BMI	TRUE	reported	O7OSiq	rs6265	0.00000000000000000000000000000000000000000000000000000000000000000000000000000000000001	AlFLFF
rs629443	T	G	0.2501	0.0116	0.0019	0.0000000014	790044	BMI	TRUE	reported	O7OSiq	rs629443	0.0000000014	AlFLFF
rs6443750	T	C	0.1932	-0.0148	0.0021	0.0000000000032	776837	BMI	TRUE	reported	O7OSiq	rs6443750	0.0000000000032	AlFLFF
rs6448587	A	C	0.8109	0.0167	0.0023	0.00000000000023	691097	BMI	TRUE	reported	O7OSiq	rs6448587	0.00000000000023	AlFLFF
rs6449531	A	G	0.3537	-0.0127	0.0018	0.0000000000021	691940	BMI	TRUE	reported	O7OSiq	rs6449531	0.0000000000021	AlFLFF
rs6461115	A	G	0.7715	0.0144	0.0019	0.00000000000012	791735	BMI	TRUE	reported	O7OSiq	rs6461115	0.00000000000012	AlFLFF
rs6474945	T	G	0.4498	-0.0186	0.0016	0.0000000000000000000000000000047	786471	BMI	TRUE	reported	O7OSiq	rs6474945	0.0000000000000000000000000000047	AlFLFF
rs6545714	A	G	0.6139	-0.0191	0.0017	0.00000000000000000000000000000091	793368	BMI	TRUE	reported	O7OSiq	rs6545714	0.00000000000000000000000000000091	AlFLFF
rs6577584	T	G	0.6537	-0.0131	0.0018	0.00000000000037	691824	BMI	TRUE	reported	O7OSiq	rs6577584	0.00000000000037	AlFLFF
rs6587552	A	G	0.2409	0.0173	0.002	0.000000000000000016	689723	BMI	TRUE	reported	O7OSiq	rs6587552	0.000000000000000016	AlFLFF
rs6595205	C	G	0.4695	0.0114	0.0016	0.000000000002	794525	BMI	TRUE	reported	O7OSiq	rs6595205	0.000000000002	AlFLFF
rs663129	A	G	0.2301	0.0545	0.0019	0.00000000000000000000000000000000000000000000000000000000000000000000000000000000000000000000000000000000000000000000000000000000000000000000000000000000000000000000000000000000016	788948	BMI	TRUE	reported	O7OSiq	rs663129	0.00000000000000000000000000000000000000000000000000000000000000000000000000000000000000000000000000000000000000000000000000000000000000000000000000000000000000000000000000000000016	AlFLFF
rs6700838	T	C	0.5959	-0.017	0.0017	0.00000000000000000000025	690255	BMI	TRUE	reported	O7OSiq	rs6700838	0.00000000000000000000025	AlFLFF
rs6738445	T	C	0.2836	-0.0133	0.0018	0.00000000000019	787966	BMI	TRUE	reported	O7OSiq	rs6738445	0.00000000000019	AlFLFF
rs6764533	A	G	0.359	0.0116	0.0018	0.00000000014	690832	BMI	TRUE	reported	O7OSiq	rs6764533	0.00000000014	AlFLFF
rs676749	A	T	0.502	-0.0104	0.0017	0.0000000017	691753	BMI	TRUE	reported	O7OSiq	rs676749	0.0000000017	AlFLFF
rs6804842	A	G	0.428	-0.0156	0.0017	0.0000000000000000000036	789179	BMI	TRUE	reported	O7OSiq	rs6804842	0.0000000000000000000036	AlFLFF
rs6827083	A	G	0.5691	-0.0097	0.0016	0.0000000048	794577	BMI	TRUE	reported	O7OSiq	rs6827083	0.0000000048	AlFLFF
rs6879326	T	C	0.4953	-0.0098	0.0017	0.000000013	690684	BMI	TRUE	reported	O7OSiq	rs6879326	0.000000013	AlFLFF
rs6919443	A	G	0.4163	-0.0096	0.0017	0.000000043	691422	BMI	TRUE	reported	O7OSiq	rs6919443	0.000000043	AlFLFF
rs7024334	T	G	0.2258	0.0138	0.002	0.0000000000031	782431	BMI	TRUE	reported	O7OSiq	rs7024334	0.0000000000031	AlFLFF
rs7084454	A	G	0.335	0.0193	0.0019	0.0000000000000000000000004	678564	BMI	TRUE	reported	O7OSiq	rs7084454	0.0000000000000000000000004	AlFLFF
rs7102454	T	C	0.6565	-0.0158	0.0018	0.0000000000000000024	691134	BMI	TRUE	reported	O7OSiq	rs7102454	0.0000000000000000024	AlFLFF
rs7124681	A	C	0.4133	0.0263	0.0016	0.00000000000000000000000000000000000000000000000000000000032	795474	BMI	TRUE	reported	O7OSiq	rs7124681	0.00000000000000000000000000000000000000000000000000000000032	AlFLFF
rs7133378	A	G	0.3269	0.0125	0.0018	0.00000000000094	784423	BMI	TRUE	reported	O7OSiq	rs7133378	0.00000000000094	AlFLFF
rs7138803	A	G	0.3772	0.03	0.0017	0.000000000000000000000000000000000000000000000000000000000000000000000023	795588	BMI	TRUE	reported	O7OSiq	rs7138803	0.000000000000000000000000000000000000000000000000000000000000000000000023	AlFLFF
rs7144011	T	G	0.2136	0.0282	0.002	0.000000000000000000000000000000000000000000000052	794117	BMI	TRUE	reported	O7OSiq	rs7144011	0.000000000000000000000000000000000000000000000052	AlFLFF
rs7147503	T	C	0.3697	-0.0119	0.0018	0.00000000002	691094	BMI	TRUE	reported	O7OSiq	rs7147503	0.00000000002	AlFLFF
rs7181498	T	C	0.3691	0.0163	0.0018	0.0000000000000000001	690980	BMI	TRUE	reported	O7OSiq	rs7181498	0.0000000000000000001	AlFLFF
rs7187776	A	G	0.5927	-0.0265	0.0016	0.00000000000000000000000000000000000000000000000000000000014	792563	BMI	TRUE	reported	O7OSiq	rs7187776	0.00000000000000000000000000000000000000000000000000000000014	AlFLFF
rs7195386	T	C	0.5014	0.0133	0.0017	0.000000000000011	687736	BMI	TRUE	reported	O7OSiq	rs7195386	0.000000000000011	AlFLFF
rs7206608	C	G	0.6854	-0.0132	0.0019	0.0000000000013	689058	BMI	TRUE	reported	O7OSiq	rs7206608	0.0000000000013	AlFLFF
rs7211567	T	C	0.2201	-0.0145	0.0021	0.0000000000045	686595	BMI	TRUE	reported	O7OSiq	rs7211567	0.0000000000045	AlFLFF
rs7239114	A	G	0.5403	0.0124	0.0017	0.00000000000012	769496	BMI	TRUE	reported	O7OSiq	rs7239114	0.00000000000012	AlFLFF
rs7334078	T	C	0.7118	0.0121	0.0019	0.00000000022	688374	BMI	TRUE	reported	O7OSiq	rs7334078	0.00000000022	AlFLFF
rs733594	T	C	0.718	0.0138	0.0018	0.000000000000059	791828	BMI	TRUE	reported	O7OSiq	rs733594	0.000000000000059	AlFLFF
rs7531118	T	C	0.4604	-0.0256	0.0016	0.0000000000000000000000000000000000000000000000000000036	781714	BMI	TRUE	reported	O7OSiq	rs7531118	0.0000000000000000000000000000000000000000000000000000036	AlFLFF
rs7531656	A	G	0.3246	0.0195	0.0017	0.000000000000000000000000000074	794253	BMI	TRUE	reported	O7OSiq	rs7531656	0.000000000000000000000000000074	AlFLFF
rs7535528	A	G	0.3741	-0.0152	0.0018	0.00000000000000014	632868	BMI	TRUE	reported	O7OSiq	rs7535528	0.00000000000000014	AlFLFF
rs7550711	T	C	0.03058	0.0649	0.005	0.000000000000000000000000000000000000032	769184	BMI	TRUE	reported	O7OSiq	rs7550711	0.000000000000000000000000000000000000032	AlFLFF
rs7557796	T	C	0.3476	0.016	0.0018	0.00000000000000000023	692414	BMI	TRUE	reported	O7OSiq	rs7557796	0.00000000000000000023	AlFLFF
rs7561278	T	C	0.786	0.0159	0.0021	0.000000000000057	677253	BMI	TRUE	reported	O7OSiq	rs7561278	0.000000000000057	AlFLFF
rs756717	A	G	0.3973	-0.0148	0.0017	0.0000000000000000054	771976	BMI	TRUE	reported	O7OSiq	rs756717	0.0000000000000000054	AlFLFF
rs7599312	A	G	0.2652	-0.0186	0.0019	0.0000000000000000000000069	780823	BMI	TRUE	reported	O7OSiq	rs7599312	0.0000000000000000000000069	AlFLFF
rs7600699	C	G	0.8421	-0.0149	0.0024	0.00000000064	691202	BMI	TRUE	reported	O7OSiq	rs7600699	0.00000000064	AlFLFF
rs7607351	T	C	0.5807	0.0119	0.0017	0.0000000000084	685674	BMI	TRUE	reported	O7OSiq	rs7607351	0.0000000000084	AlFLFF
rs761423	T	C	0.55	0.0113	0.0017	0.000000000055	692545	BMI	TRUE	reported	O7OSiq	rs761423	0.000000000055	AlFLFF
rs7615297	C	G	0.8535	0.0149	0.0024	0.00000000057	689710	BMI	TRUE	reported	O7OSiq	rs7615297	0.00000000057	AlFLFF
rs7640424	T	C	0.2969	-0.0136	0.0018	0.000000000000023	790612	BMI	TRUE	reported	O7OSiq	rs7640424	0.000000000000023	AlFLFF
rs7683836	A	G	0.5405	-0.0114	0.0017	0.000000000063	686968	BMI	TRUE	reported	O7OSiq	rs7683836	0.000000000063	AlFLFF
rs7694732	A	G	0.5622	0.0099	0.0017	0.0000000087	690622	BMI	TRUE	reported	O7OSiq	rs7694732	0.0000000087	AlFLFF
rs7711753	A	G	0.4356	-0.0134	0.0016	0.00000000000000034	794802	BMI	TRUE	reported	O7OSiq	rs7711753	0.00000000000000034	AlFLFF
rs7715256	T	G	0.5781	-0.0166	0.0016	0.0000000000000000000000022	795302	BMI	TRUE	reported	O7OSiq	rs7715256	0.0000000000000000000000022	AlFLFF
rs7730004	T	C	0.6693	0.0148	0.0018	0.00000000000000091	690164	BMI	TRUE	reported	O7OSiq	rs7730004	0.00000000000000091	AlFLFF
rs7730898	A	G	0.729	0.0168	0.0018	0.000000000000000000045	792975	BMI	TRUE	reported	O7OSiq	rs7730898	0.000000000000000000045	AlFLFF
rs7748777	A	G	0.4587	0.0105	0.0016	0.00000000016	790069	BMI	TRUE	reported	O7OSiq	rs7748777	0.00000000016	AlFLFF
rs7760082	A	G	0.6646	-0.0122	0.0018	0.000000000029	690649	BMI	TRUE	reported	O7OSiq	rs7760082	0.000000000029	AlFLFF
rs785278	A	T	0.1771	-0.0159	0.0023	0.0000000000028	690853	BMI	TRUE	reported	O7OSiq	rs785278	0.0000000000028	AlFLFF
rs7869771	A	C	0.7353	0.014	0.0019	0.00000000000049	679436	BMI	TRUE	reported	O7OSiq	rs7869771	0.00000000000049	AlFLFF
rs7871866	C	G	0.1531	0.0187	0.0024	0.000000000000023	683494	BMI	TRUE	reported	O7OSiq	rs7871866	0.000000000000023	AlFLFF
rs7893571	T	G	0.662	0.0136	0.0018	0.00000000000018	687864	BMI	TRUE	reported	O7OSiq	rs7893571	0.00000000000018	AlFLFF
rs7899106	A	G	0.95223	-0.0331	0.0037	0.000000000000000001	793689	BMI	TRUE	reported	O7OSiq	rs7899106	0.000000000000000001	AlFLFF
rs7903146	T	C	0.2912	-0.0181	0.0018	0.000000000000000000000013	795624	BMI	TRUE	reported	O7OSiq	rs7903146	0.000000000000000000000013	AlFLFF
rs7948120	T	C	0.2598	-0.0132	0.0019	0.0000000000073	756039	BMI	TRUE	reported	O7OSiq	rs7948120	0.0000000000073	AlFLFF
rs7975187	A	G	0.7926	-0.0128	0.0021	0.0000000014	691440	BMI	TRUE	reported	O7OSiq	rs7975187	0.0000000014	AlFLFF
rs8036040	A	C	0.4932	0.0109	0.0017	0.00000000027	691068	BMI	TRUE	reported	O7OSiq	rs8036040	0.00000000027	AlFLFF
rs8047395	A	G	0.5061	0.0642	0.0017	0.00000000000000000000000000000000000000000000000000000000000000000000000000000000000000000000000000000000000000000000000000000000000000000000000000000000000000000000000000000000000000000000000000000001	788856	BMI	TRUE	reported	O7OSiq	rs8047395	0.00000000000000000000000000000000000000000000000000000000000000000000000000000000000000000000000000000000000000000000000000000000000000000000000000000000000000000000000000000000000000000000000000000001	AlFLFF
rs8071182	A	G	0.1735	0.0133	0.0022	0.0000000021	771437	BMI	TRUE	reported	O7OSiq	rs8071182	0.0000000021	AlFLFF
rs8097544	A	G	0.8477	-0.02	0.0025	0.00000000000000093	686083	BMI	TRUE	reported	O7OSiq	rs8097544	0.00000000000000093	AlFLFF
rs8102137	T	C	0.6763	-0.0193	0.0018	0.00000000000000000000000017	692575	BMI	TRUE	reported	O7OSiq	rs8102137	0.00000000000000000000000017	AlFLFF
rs8123881	A	G	0.8701	-0.0196	0.0024	0.00000000000000044	793018	BMI	TRUE	reported	O7OSiq	rs8123881	0.00000000000000044	AlFLFF
rs816364	A	G	0.6394	-0.01	0.0018	0.00000002	692516	BMI	TRUE	reported	O7OSiq	rs816364	0.00000002	AlFLFF
rs845084	A	G	0.2678	0.014	0.002	0.0000000000013	685413	BMI	TRUE	reported	O7OSiq	rs845084	0.0000000000013	AlFLFF
rs847747	T	G	0.2964	-0.0113	0.0019	0.0000000021	685794	BMI	TRUE	reported	O7OSiq	rs847747	0.0000000021	AlFLFF
rs879620	T	C	0.6179	0.0231	0.0018	0.000000000000000000000000000000000000053	688377	BMI	TRUE	reported	O7OSiq	rs879620	0.000000000000000000000000000000000000053	AlFLFF
rs889398	T	C	0.4247	-0.0196	0.0016	0.000000000000000000000000000000013	789694	BMI	TRUE	reported	O7OSiq	rs889398	0.000000000000000000000000000000013	AlFLFF
rs895330	C	G	0.8076	0.0201	0.0023	0.00000000000000000055	684271	BMI	TRUE	reported	O7OSiq	rs895330	0.00000000000000000055	AlFLFF
rs900144	T	C	0.5674	0.0166	0.0017	0.00000000000000000000087	692126	BMI	TRUE	reported	O7OSiq	rs900144	0.00000000000000000000087	AlFLFF
rs901630	T	C	0.3973	-0.0146	0.0017	0.0000000000000000019	794597	BMI	TRUE	reported	O7OSiq	rs901630	0.0000000000000000019	AlFLFF
rs902695	A	G	0.4798	-0.0103	0.0017	0.0000000022	678635	BMI	TRUE	reported	O7OSiq	rs902695	0.0000000022	AlFLFF
rs925018	C	G	0.6765	-0.013	0.0018	0.00000000000014	792062	BMI	TRUE	reported	O7OSiq	rs925018	0.00000000000014	AlFLFF
rs9291467	T	C	0.4625	0.014	0.0017	0.00000000000000067	688636	BMI	TRUE	reported	O7OSiq	rs9291467	0.00000000000000067	AlFLFF
rs9294260	A	G	0.4731	0.0147	0.0016	0.00000000000000000018	783533	BMI	TRUE	reported	O7OSiq	rs9294260	0.00000000000000000018	AlFLFF
rs930295	A	C	0.1583	0.0211	0.0023	0.0000000000000000001	690522	BMI	TRUE	reported	O7OSiq	rs930295	0.0000000000000000001	AlFLFF
rs9362662	A	G	0.4799	0.0112	0.0017	0.00000000012	683953	BMI	TRUE	reported	O7OSiq	rs9362662	0.00000000012	AlFLFF
rs9367368	T	C	0.6967	0.0121	0.0018	0.00000000001	786723	BMI	TRUE	reported	O7OSiq	rs9367368	0.00000000001	AlFLFF
rs9426003	A	G	0.2952	-0.0116	0.0019	0.0000000014	682054	BMI	TRUE	reported	O7OSiq	rs9426003	0.0000000014	AlFLFF
rs9530843	A	C	0.5558	0.0128	0.0018	0.00000000000048	674325	BMI	TRUE	reported	O7OSiq	rs9530843	0.00000000000048	AlFLFF
rs9540493	A	G	0.4419	0.0139	0.0017	0.000000000000000081	785493	BMI	TRUE	reported	O7OSiq	rs9540493	0.000000000000000081	AlFLFF
rs9603697	T	C	0.3186	0.0141	0.0018	0.000000000000026	688189	BMI	TRUE	reported	O7OSiq	rs9603697	0.000000000000026	AlFLFF
rs9615905	T	C	0.45	0.011	0.0017	0.00000000027	690274	BMI	TRUE	reported	O7OSiq	rs9615905	0.00000000027	AlFLFF
rs9630985	A	C	0.3244	-0.0177	0.0018	0.00000000000000000000044	690619	BMI	TRUE	reported	O7OSiq	rs9630985	0.00000000000000000000044	AlFLFF
rs967605	T	C	0.8334	-0.0192	0.0023	0.00000000000000017	691316	BMI	TRUE	reported	O7OSiq	rs967605	0.00000000000000017	AlFLFF
rs9688431	T	C	0.93966	0.0231	0.0035	0.000000000024	789356	BMI	TRUE	reported	O7OSiq	rs9688431	0.000000000024	AlFLFF
rs972540	A	G	0.7272	-0.013	0.0018	0.0000000000008	794958	BMI	TRUE	reported	O7OSiq	rs972540	0.0000000000008	AlFLFF
rs9816226	A	T	0.1801	-0.0323	0.0021	0.00000000000000000000000000000000000000000000000000016	778333	BMI	TRUE	reported	O7OSiq	rs9816226	0.00000000000000000000000000000000000000000000000000016	AlFLFF
rs987237	A	G	0.8197	-0.0409	0.0021	0.0000000000000000000000000000000000000000000000000000000000000000000000000000000000093	795612	BMI	TRUE	reported	O7OSiq	rs987237	0.0000000000000000000000000000000000000000000000000000000000000000000000000000000000093	AlFLFF
rs9927848	A	C	0.7326	-0.0122	0.002	0.00000000064	687060	BMI	TRUE	reported	O7OSiq	rs9927848	0.00000000064	AlFLFF
rs998732	A	G	0.8422	0.0171	0.0022	0.00000000000002	793852	BMI	TRUE	reported	O7OSiq	rs998732	0.00000000000002	AlFLFF
